GEO_UNIQUE_ID,YEAR,NUM_FIRES,TOTAL_AREA_BURNED_IN_M2,AVG_FIRE_DURATION_DAYS,MAX_PCT_TRACT_BURNED
001435103,2020,1,30.436005981623726,26.0,5.876834839178393e-05
001450601,2020,1,83396.14244713502,26.0,0.16647789139636798
001450701,2020,1,46920629.39515517,26.0,17.805173620410194
003010000,2012,1,587502.9300300493,6.0,0.03072243901793473
003010000,2014,1,381280.9694132899,9.0,0.01993842197672053
003010000,2015,1,71951242.38074152,20.0,3.762564479795718
003010000,2016,1,2629953.2913496285,1.0,0.13752881131907385
003010000,2017,2,15013237.826867921,56.5,0.7719204824660868
003010000,2018,3,849151.4964892889,13.666666666666666,0.04180719836441187
003010000,2019,1,86953.42472074443,1.0,0.004547077387762156
003010000,2020,1,51482705.111867875,76.0,2.6921980937129604
003010000,2021,5,219424482.9859666,74.2,11.03918698863427
003010000,2023,1,131903.10156477493,7.0,0.006897642185193833
005000102,2013,1,66060.92878518214,2.0,0.014480562717624117
005000102,2016,1,314877.0581250123,43.0,0.06902108511594164
005000102,2017,1,691.085622964284,5.0,0.00015148604312126092
005000102,2021,1,4752556.5303706415,95.0,1.0417609042536322
005000301,2018,1,3329894.085632055,4.0,1.702851930797402
005000303,2016,1,1423567.1827246754,1.0,1.0448229029672307
005000304,2016,1,848027.3906566353,2.0,0.5984471240891374
005000304,2023,2,399802.9580764802,1.0,0.20270457916708998
005000402,2015,1,4035901.5723934397,18.0,5.5094625311692065
005000402,2022,1,3486202.968280061,24.0,4.759061707840248
005000500,2015,1,10409049.633895935,18.0,9.599515662427319
005000500,2022,1,6972514.181063089,24.0,6.430246894937697
007000901,2017,1,5078.733640398554,3.0,0.030914513389830627
007000901,2018,1,9591285.35768188,18.0,58.382648236790445
007001400,2021,1,2221698.813276335,4.0,0.7001587269778056
007001500,2018,1,795265.3744000942,18.0,0.22686178009575678
007001702,2013,1,5001.094860443105,1.0,0.014516073759073694
007001702,2018,1,17915276.322701164,18.0,52.00050784309157
007001703,2018,1,2448123.6516318717,18.0,64.119418785566
007001704,2018,1,23522391.453942697,18.0,7.2270955414526705
007001704,2020,3,4244818.106000139,21.666666666666668,1.174129935198389
007001704,2021,2,37962806.046215296,67.5,11.56443909429909
007001704,2023,1,36702.357243606086,1.0,0.01127655080970131
007001800,2018,1,12111219.992463721,18.0,100.0
007001900,2018,1,8765685.37954362,18.0,100.0
007002000,2018,1,7170334.032581949,18.0,100.0
007002100,2017,1,363.6985856915161,21.0,0.003941279002475593
007002100,2018,1,9237613.101406364,18.0,100.0
007002200,2016,1,2189738.9196897903,6.0,1.6002834079458503
007002200,2017,2,874759.2491926922,12.0,0.42098437530879035
007002200,2018,1,107073875.08616847,18.0,78.25067371462534
007002300,2016,1,1834609.1687314096,12.0,2.4274861840741817
007002300,2018,1,47873222.79916899,18.0,63.3440565504453
007002500,2012,1,474930.69599346415,8.0,0.3672061575630148
007002500,2013,1,280271.0226505005,9.0,0.2166995019946306
007002500,2016,1,435969.6967008215,3.0,0.3370823543097007
007002500,2017,1,31809981.105637293,28.0,24.59479042414626
007002500,2018,1,11893250.664429987,18.0,9.195604567701409
007002500,2020,3,4068999.592891175,10.666666666666666,2.8955286503178095
007002601,2016,1,55823.98481658451,3.0,0.27743761176458503
007002601,2017,1,3288975.3436718415,27.0,16.345760115459093
007002602,2020,1,1358371.5169589948,108.0,7.445201161720158
007002900,2020,1,418168.01090339804,8.0,6.519959132591968
007003200,2013,1,858624.9892805286,1.0,2.1817026117430136
007003300,2013,2,305614.21557896415,8.5,0.073877462965182
007003300,2015,3,2059477.3026554678,10.333333333333334,0.5116135042713319
007003300,2017,2,18127472.38166026,22.5,5.140713335969896
007003300,2018,1,1824213.6959746473,13.0,0.5913041619013283
007003300,2020,3,967387.982393103,6.0,0.1804731758325265
007003700,2017,1,2247565.582380556,28.0,2.1068859821267374
007003700,2020,1,59653.67276000212,2.0,0.0559198307296127
009000122,2012,1,543415.5818016458,7.0,0.3348871213493063
009000122,2018,1,550320.4953696721,15.0,0.3391423667000113
009000122,2021,1,2607545.690317519,1.0,1.6069349118074536
009000220,2016,2,1485453.0933559076,4.0,0.5363154604874655
009000220,2018,3,4140943.498678929,15.333333333333334,1.128277601792272
009000220,2020,1,5657520.495696601,7.0,2.2017109451075894
009000400,2015,1,45650688.47143151,18.0,9.841040314900846
009000400,2018,1,39291.1972442503,11.0,0.008470107878950533
009000400,2022,1,1397753.837376793,24.0,0.30131751183863453
009000504,2012,1,4576360.473423403,16.0,1.2689104999209233
011000100,2017,1,11.229276304503632,2.0,1.984602329342252e-06
011000100,2019,1,647080.7711029451,5.0,0.11436160005150492
011000400,2012,2,135971313.23178166,11.0,11.108653792008333
011000400,2018,1,293538345.5373085,54.0,27.29052806620699
011000400,2019,1,7766.012067311266,1.0,0.0007220132344124117
011000400,2020,2,264236.2479999931,45.0,0.01907685331482239
013355107,2013,1,1373300.6610574415,2.0,1.6736439305147948
013355107,2018,1,6364.357521448966,9.0,0.0077562537028107595
013355107,2019,3,2996526.309374454,7.0,1.676468592467439
013355107,2020,1,54120.551117470866,26.0,0.0659568108152845
013355112,2018,1,993411.8469754827,9.0,0.3911834780967892
013355112,2019,1,61.145181584839854,7.0,2.4077611792169134e-05
013355112,2020,1,13322320.530577017,26.0,5.246033351965853
013355306,2013,1,12576523.131863207,8.0,18.679636807666423
015000201,2017,1,29447.82627583592,1.0,0.03200895564278664
015000202,2015,8,146038422.76761946,55.625,2.209855963622036
015000202,2017,3,88223846.11007257,39.333333333333336,4.186208000578419
015000202,2018,2,18846112.40551542,104.5,0.9035329679891008
015000202,2020,1,124866529.93948476,95.0,5.992660438353383
015000202,2023,8,423144539.8343231,83.25,14.918011801351163
015000203,2022,1,63308.899552443974,6.0,0.0171693083898344
017030502,2021,1,4502.305205146929,95.0,0.026098564995901314
017030601,2016,1,199237.23557048402,2.0,0.12098363805390686
017030601,2018,1,269894.7735774871,1.0,0.16388930264788917
017030603,2013,1,2310210.7689687624,3.0,0.1894895145326418
017030603,2014,1,246542879.56117055,27.0,20.2220902036482
017030603,2015,2,286787.6680291917,122.5,0.016199949707347047
017030603,2017,3,1895302.9465886243,19.0,0.14163690530847414
017030603,2020,1,6751978.510661545,61.0,0.5538148931282147
017030603,2021,2,65065275.595992334,48.0,5.330058923400486
017031301,2014,1,5056.567208676939,27.0,0.010837841128763435
017031302,2014,1,8294483.990638423,27.0,25.012510774634904
017031405,2018,1,41001.9640092175,2.0,0.14500926426607963
017031406,2013,1,60414.80233887649,2.0,0.07795224308410313
017031406,2021,1,21764494.72977046,95.0,28.082375810174653
017031503,2017,1,268988.53798903356,1.0,0.27073100878585077
017031503,2018,1,270073.2111989533,2.0,0.2718227083598175
017031900,2012,1,179296.20519968317,3.0,0.036319074738696944
017031900,2015,1,142508.76666683762,102.0,0.028867239781946847
017031900,2016,1,101167.55053615419,5.0,0.02049297041708932
017031900,2019,1,13928333.701854825,61.0,2.8213881723809666
017031900,2021,2,442724070.64750874,48.0,89.65195819108513
019005515,2013,1,163365.1653425343,1.0,0.254511794545142
019006405,2012,1,549731.9205378297,1.0,0.1554040620511328
019006405,2014,1,67528.13385952129,2.0,0.019089570593309024
019006405,2016,1,530868.2340117403,13.0,0.15007147465372372
019006405,2017,1,369454.57637395675,1.0,0.10444134634881978
019006405,2019,1,54547.404681114625,1.0,0.015420040105182234
019006405,2020,1,9043525.00164736,111.0,2.556519765383107
019006405,2021,2,316526.4239566778,1.5,0.06891656503403527
019006405,2022,1,210354.68680919707,3.0,0.059465298594378255
019008000,2017,1,101934.34588145131,1.0,0.6229088307721278
021010300,2012,1,1384711.154003615,11.0,0.054436715347669036
021010300,2013,2,1756749.823832738,3.0,0.03590961577433299
021010300,2014,1,2988.038883084436,3.0,0.00011746783555251818
021010300,2018,2,157104300.09200147,40.0,6.158213176590508
021010300,2020,5,769865360.204363,20.0,30.046987467511844
021010300,2022,1,1252418.4832294164,1.0,0.049235935068911246
021010502,2014,2,1084121.7422291772,2.5,0.1928310240828738
023001200,2015,3,22207175.967972968,109.0,3.211179033771097
023001200,2017,1,43305.22622729684,1.0,0.006639869918060637
023001200,2018,1,927491.0298171446,57.0,0.14220962051624306
023001200,2023,2,16058949.749345317,81.0,1.7599610684887856
023010102,2012,1,327936.44800358114,2.0,0.012135059357240366
023010102,2013,3,49987690.98194114,39.666666666666664,2.3412426368350636
023010102,2015,6,30557251.073808637,49.666666666666664,0.8018506816365696
023010102,2016,3,2628807.511706788,7.0,0.12131141674601117
023010102,2018,2,168721.7215543772,1.0,0.005277167527376112
023010102,2020,1,201590465.86366135,115.0,9.948243064422439
023010102,2021,1,9798431.312508482,52.0,0.4835406075841277
023010102,2022,5,125954825.32335818,18.0,3.9159122609898707
023010102,2023,4,38450313.87693261,49.5,1.1203572886556736
023010200,2013,1,14944.210617089682,6.0,0.0023980094018567063
023010200,2023,3,3095858.2928931317,49.0,0.47797946239524475
023010300,2014,1,1344258.7638790023,4.0,0.2072570094043224
023010902,2014,1,99882.45093172173,1.0,0.009524188322300092
023010902,2015,4,42186959.23853958,26.0,2.802858371107051
023010902,2017,1,68565.25788861186,16.0,0.0065379696073398575
023011100,2016,1,97226.66381439366,1.0,0.03226176835975321
023011200,2012,1,493045.67020733404,1.0,0.04954376237326479
023011600,2015,8,12728862.2492067,35.0,0.5579845105400723
023011600,2017,3,487557.73639777524,74.33333333333333,0.02121608292547321
023940000,2014,1,850556.6733171537,28.0,0.23340090595808188
023940000,2015,1,348694.60107148264,11.0,0.09568514167947642
023940000,2016,1,4928.76736648241,5.0,0.0013525010204283859
023940000,2018,2,15100491.405719712,1.0,4.08294239631697
023940000,2020,1,13673740.311404565,115.0,3.752205439845328
023940000,2023,1,2359796.80663974,31.0,0.6475508685372816
025010101,2017,1,271133.8525088069,6.0,0.0715068228570681
025010102,2012,1,122525.77205120094,1.0,0.052394393314486296
025010300,2019,1,113587.0280351252,3.0,0.024285888904638432
025010800,2021,1,96263.43688135201,6.0,0.03319647359456267
025012301,2020,2,467560.01549640624,4.0,0.01751801749054559
025012301,2021,1,429777.76718133944,12.0,0.018125386832869603
025012400,2013,1,1059159.4389505102,2.0,0.01835142373731343
025012400,2019,1,8977.660553055126,3.0,0.00015555056861139526
025012400,2021,3,1441189.9696846756,5.666666666666667,0.01518895226209116
025940000,2020,1,25311.047716060293,14.0,0.022195776000398588
025940000,2022,1,101190.4901624485,4.0,0.08873601275663977
025940000,2023,3,370588.1745242428,2.0,0.22117075315509524
027000100,2014,1,458994.0338096184,8.0,0.05607794235113306
027000100,2018,1,8151538.47597302,7.0,0.9959203629175342
027000100,2022,1,16754228.84674022,10.0,2.046960548935789
027000200,2014,1,73488.83951230004,11.0,0.006986066034880826
027000200,2015,1,1700370.5624323615,2.0,0.16164224543145386
027000200,2018,1,248506.31567524566,7.0,0.02362374399859224
027000200,2021,1,99925.30335689726,3.0,0.009499194332629819
027000200,2022,1,200600.9064674199,1.0,0.019069714374844483
027000300,2022,1,47509.84207790089,2.0,0.40007631098184815
027000500,2012,1,4594585.555143683,4.0,0.06781737638294992
027000500,2013,1,61673.058762033426,17.0,0.0009103117111553736
027000500,2017,1,794.2341555862594,35.0,1.1723119750221594e-05
027000500,2019,1,41551631.752461374,80.0,0.6133137833787238
027000500,2021,3,681274.1313740828,14.333333333333334,0.005109442933428155
027000800,2012,2,1819106.7346588497,5.0,0.010054025704847265
027000800,2013,1,1646428.9779900096,5.0,0.009278834417120813
027000800,2016,5,2428565.1381749725,8.4,0.008505572522067186
027000800,2017,2,413413.9413107621,22.0,0.0017142526550863295
027000800,2018,2,16981738.495482057,30.0,0.06710628292673447
027000800,2020,1,37030363.85928671,6.0,0.2086932502096311
027000800,2021,3,4856101.815921493,10.666666666666666,0.013720887308905366
027000800,2023,2,593225.7931303424,4.0,0.0019079191146984219
029003303,2022,1,128260.52797027015,1.0,0.05354040836748155
029003303,2023,2,71042.83303079644,1.0,0.028983236920432056
029003304,2016,1,6212.821027536283,1.0,0.0003881337864606038
029003304,2020,1,46542.182475833244,1.0,0.0029076314019702417
029003305,2013,1,6592962.93827264,6.0,16.425756963135367
029003305,2021,1,565464.9818414027,2.0,1.4088036668569754
029003900,2016,1,81120.63150199212,1.0,0.03687903348024721
029004500,2016,1,142456.3049112196,1.0,0.00610403979650691
029004500,2019,1,13287676.703280326,2.0,0.5693570912883681
029004500,2023,2,21181836.025119837,1.0,0.9066948477089488
029005103,2016,1,121244.17132463261,1.0,0.06401161594765326
029005103,2020,1,13137.222895272653,1.0,0.006935878709907612
029005104,2018,1,16413.447460233576,1.0,0.01608615296191688
029005104,2021,1,654897.8482542912,1.0,0.6418387719564942
029005203,2012,3,1665629.6402820149,3.6666666666666665,0.146335748739982
029005203,2016,1,184367034.8321495,7.0,20.143202658132378
029005203,2019,1,918674.6667193538,1.0,0.1003707089256354
029005203,2020,1,88507.2027379404,12.0,0.009669941934456161
029005203,2021,3,424710.73653578246,5.666666666666667,0.018333973090064137
029005203,2022,1,898715.3030509113,1.0,0.09819002891596432
029006003,2020,1,212940.653329634,1.0,2.58039352067567
029006004,2012,1,48623823.229849994,26.0,3.6858807302763243
029006004,2020,2,118995.85819256301,2.5,0.008868681161770944
029006004,2021,1,6357903.011948412,11.0,0.481954536687278
029006004,2022,2,907108.4608920449,2.0,0.06632742323307818
029006004,2023,3,437749.2860719586,1.0,0.01688156678536695
029006500,2012,1,270793.6950794504,1.0,0.013346605241733547
029006500,2021,1,107702.86834248967,1.0,0.005308349837125493
033000100,2012,1,18065082.267087035,7.0,1.5133208780586547
033000100,2013,3,1303412.7884823936,3.3333333333333335,0.10337211509739662
033000100,2015,4,3813144.218033147,11.5,0.2272055239491796
033000100,2017,2,590891.1040898133,7.0,0.029790723527102735
033000100,2018,2,791671357.7424763,34.0,58.654967728801196
033000100,2020,2,180089644.71742237,75.5,15.079654594271211
033000300,2018,1,53337645.100813285,14.0,53.83419285372858
033000501,2018,3,352752430.9938026,22.666666666666668,90.243301624692
033000702,2012,2,8203907.275060511,12.0,6.462147290027154
033000702,2013,2,351731.4859549924,1.0,0.21425239126743253
033000702,2015,1,74904514.71031865,16.0,61.69967085194652
033000702,2016,1,3288146.7758248365,3.0,2.7084825870093208
033000702,2018,2,419162.43585923396,7.0,0.3451780765481421
033001000,2013,2,310537.3744573887,1.0,0.1644836869024491
033001000,2015,1,561472.6052595213,5.0,0.386735913928981
033001000,2018,2,11210722.349894304,7.5,7.623698740619278
033001000,2019,1,214956.710851862,3.0,0.1480597258846456
033001200,2012,1,1270697.3860991758,4.0,0.3419123681342969
033001200,2013,1,535359.4048525551,1.0,0.14405160813151974
033001200,2015,4,240780559.13146776,14.0,34.64013708925602
033001200,2016,2,12859115.377096906,2.5,3.392499003825385
033001200,2020,1,57938149.01806358,30.0,15.589683234413915
035040100,2012,7,996504888.0018111,19.0,12.686661049484304
035040100,2013,1,264902.1262068635,13.0,0.0035181704972463896
035040100,2014,1,102470177.14203437,16.0,1.36090849564263
035040100,2015,4,43254263.11684108,9.5,0.5652784826141323
035040100,2017,11,31371554.216801412,6.090909090909091,0.3243493484347214
035040100,2018,5,764750.951756413,5.2,0.004109191848034988
035040100,2019,10,20462404.252300598,5.7,0.18162440692181728
035040100,2020,10,359662790.454624,15.2,3.4233725464285456
035040100,2021,3,16001680.218990207,36.333333333333336,0.20553064910783175
035040100,2022,2,92008.39964627096,1.5,0.0006110629398385602
035040200,2017,1,72756.08348845915,5.0,0.00394341308705113
035040200,2018,3,75900866.92318611,2.6666666666666665,4.102101950816914
035040200,2019,1,148048.53531172613,105.0,0.008024298500889199
035040200,2020,2,38403316.95968358,31.0,2.0504673189483844
035040200,2021,2,489843414.82425094,54.5,26.54699681543617
035040302,2012,1,932849.9064826586,2.0,0.4008903132847597
035040302,2016,1,10416427.192510786,78.0,4.476437990178612
035040302,2018,1,1032710.7681507827,1.0,0.44380531155062974
035040302,2020,2,88616405.764534,31.0,37.70346143283959
035040302,2021,2,12642524.745411577,52.5,5.408933321565631
035040303,2018,1,54625.92001373481,4.0,0.04870601901719766
035040305,2016,1,113163.25384426062,18.0,0.06479608591834222
035040400,2017,3,416505.2418581918,5.0,0.061001673843646305
035040400,2018,2,4283610.567884577,3.5,0.6668719991651538
035040400,2019,1,220847.13383271848,3.0,0.05638688055114462
035040400,2022,1,274460.147548557,1.0,0.07007540142038853
035040500,2018,1,74654.60127466756,2.0,0.049752046335598474
035040500,2021,1,24088647.089684136,103.0,16.05339075830703
035040600,2012,1,144562502.31792533,71.0,10.923654431573825
035040600,2013,1,2148482.887573009,4.0,0.1623469726913222
035040600,2015,1,9650.113281542728,3.0,0.0007291967212997153
035040600,2017,6,85941181.76419686,6.666666666666667,6.173001955368289
035040600,2018,1,47464.85735998277,1.0,0.0035866126494138867
035040600,2019,1,2285139.560341489,2.0,0.17267323465522041
035040600,2020,9,95147681.6643751,5.888888888888889,5.099016552602878
035040600,2021,2,177046113.72821566,110.5,11.381091436834305
035040600,2023,1,111856.28384835724,1.0,0.008452256782829484
037101400,2017,1,3165142.3263598247,7.0,50.160289011061465
037102103,2017,1,395251.6861474387,7.0,33.312854294490165
037102104,2017,1,293417.6751195046,7.0,17.69119539933054
037102107,2017,1,9670608.971778214,7.0,74.91626076110293
037106010,2019,1,340656.2677173527,21.0,13.529880078868345
037106406,2019,1,234930.0497314616,21.0,11.671675375739216
037106510,2019,1,3069784.4276810545,21.0,53.09197607478252
037106603,2019,1,9021921.996497167,21.0,87.43290805119615
037106604,2019,1,34575.797405532525,21.0,1.3239503471879683
037106643,2019,1,665426.3197990961,21.0,15.336145842939466
037108102,2019,1,199752.42701328918,21.0,9.146939831189572
037108103,2019,1,845010.8736231744,21.0,32.94477994235223
037108104,2019,1,66610.51807640117,21.0,8.064032115009464
037108202,2019,1,113741.67145638652,21.0,1.903272721827184
037113231,2018,1,1560544.6695240897,12.0,37.84919569484913
037134424,2018,1,1740889.0931294886,12.0,46.91171609542167
037262200,2012,1,216600.40368939645,1.0,2.52786692298594
037262200,2017,1,1699359.1655974688,9.0,19.83262150862337
037262301,2019,1,1883004.151303108,8.0,14.422806760115536
037262302,2019,1,353422.8652943787,8.0,11.536439612877892
037262601,2021,1,36.585995692157965,6.0,0.0010105648787136377
037300701,2017,1,899053.9116345578,7.0,6.734891331924743
037300702,2017,1,679180.3488929119,7.0,5.940300083858542
037310100,2017,1,6085545.978719109,7.0,46.602264404333745
037400404,2014,1,44791.278186408206,5.0,0.28291365964309306
037400501,2014,1,6110402.438715359,5.0,52.04102298856901
037400603,2013,1,354968.68770721497,4.0,3.867431995910565
037400603,2016,1,2320134.439227554,13.0,25.2781793882725
037400603,2020,1,504927.473703958,49.0,5.501253307806299
037430003,2016,1,7652292.08494164,13.0,64.07392707641914
037430003,2020,1,1815259.808124118,43.0,15.19947530484082
037430200,2016,1,26848.17850941421,13.0,0.5203266460087989
037430301,2016,1,2470719.5838845475,13.0,10.136903043670753
037430301,2020,1,15017842.581519902,43.0,61.6154156736109
037430400,2020,1,7945.913116652884,43.0,0.22109776313879015
037500300,2022,1,15117.20600142135,1.0,0.17139104438070027
037800101,2016,1,1722641.8005785183,4.0,21.277064737703093
037800202,2016,1,21665.20448640454,4.0,0.07910727844869166
037800202,2017,1,170389.634516847,3.0,0.622152459763464
037800202,2018,1,6730544.044484398,12.0,24.575582573999107
037800204,2016,1,129788.03727455379,4.0,1.6309633796695346
037800204,2018,1,2056049.6181124982,12.0,25.837062523962455
037800328,2013,1,655348.54377647,3.0,6.7996243600102755
037800328,2018,1,7326818.715898619,12.0,76.02002857123341
037800406,2016,1,45831.821743781344,3.0,0.050379873931307426
037800406,2018,1,88574618.01747705,12.0,97.36418757649929
037800410,2018,1,27579056.041251503,12.0,74.39026430959467
037800504,2018,3,60039.75561262942,4.666666666666667,0.20657452484078073
037800506,2017,1,80939.36555386847,3.0,0.30547994923523725
037901209,2013,1,25138239.641394828,202.0,4.264502013333641
037901209,2015,1,1661960.4464012317,1.0,0.2819383445644356
037901209,2020,2,15172713.588796241,9.5,2.3536683368647617
037901209,2021,2,3704148.9186177924,3.0,0.5882558282378618
037901209,2022,2,523648.233154676,1.0,0.08604076770837535
037901210,2013,1,11902919.039408907,202.0,52.53368531719589
037901210,2020,1,1181476.674978263,1.0,5.214462406021474
037901210,2022,1,7477.865048049148,1.0,0.03300365296764885
037910401,2022,1,30792.22836823088,1.0,0.3282133521069461
037910804,2017,1,147562.195257914,1.0,0.2823605311810558
037910807,2019,1,2343410.1344782733,7.0,42.40660389388937
037910808,2019,1,7116379.274562489,7.0,65.75270055456703
037910809,2016,1,1643451.5478919016,16.0,16.9086231262039
037910809,2019,1,71165.93472739749,7.0,0.7321895015847091
037910810,2012,1,28679.10395482304,118.0,0.1295539966796597
037910810,2016,1,3223.462345697474,16.0,0.014561557804921157
037910810,2019,1,7269775.423296216,7.0,32.84023317238961
037910810,2020,1,4142849.696457464,2.0,18.71476656539394
037911001,2012,1,49696.65378367745,3.0,0.013311984807050066
037911001,2020,1,54328953.26956835,43.0,14.552814836498426
037911001,2021,1,1769496.8428274402,2.0,0.47398593857799337
037920034,2019,1,278.9381253542025,7.0,0.003094597712398649
037920040,2019,1,1426220.621650419,7.0,48.175739992934155
037920042,2017,1,446354.5065478284,1.0,11.789693810409279
037920043,2016,1,5178680.497158863,16.0,27.724495930226873
037920043,2017,1,2618981.9851609925,1.0,14.020937462500118
037920102,2012,1,2898.588487259202,1.0,0.0004754328906585795
037920102,2013,5,87732256.71946967,42.6,13.90660488318354
037920102,2015,3,1155256.7704623733,1.3333333333333333,0.17923346908577928
037920102,2018,3,13565166.428708635,3.6666666666666665,2.2122616689318075
037920102,2019,1,632661.5816463551,6.0,0.10377055104333545
037920102,2020,2,111704219.74738738,9.5,18.30090774228374
037920102,2021,3,1915792.789393444,5.666666666666667,0.1467155533384526
037920102,2022,2,20272915.290698815,4.0,3.3246247337215853
037920102,2023,2,172661.1733030483,5.0,0.01719608615451976
037920104,2018,1,487.9471796672957,21.0,0.00030871010893958133
037920104,2019,1,248.15641836821555,6.0,0.00015700140945735806
037920104,2020,1,14394.8414258,5.0,0.009107201045319539
037920104,2021,1,1275535.8806012492,5.0,0.8069947671902664
037920104,2022,2,945210.1440434905,4.0,0.5613674748169034
037920106,2017,2,35011.10753328395,4.5,0.07510006265966118
037920106,2020,1,980137.2613230341,5.0,2.115259547377205
037920200,2015,1,30047.472611495992,1.0,0.2879624964767963
037920200,2017,1,3588602.822592118,8.0,34.39167882831974
037920200,2020,1,209963.65368947893,1.0,2.012204442868169
037920200,2021,1,1232043.3283979034,2.0,11.807391496791112
037920200,2022,1,241083.40922890912,1.0,2.3104432535245225
037920303,2016,1,116085.49113872154,1.0,0.2251573750753218
037920303,2017,1,140.71344227711808,1.0,0.00027292531555961715
037920303,2019,1,5002546.381884519,21.0,9.70285089884034
037920312,2015,1,1474658.2568669508,2.0,10.826498933779192
037920312,2018,1,708669.0342299289,3.0,5.202835645319881
037920312,2019,1,108107.55859192317,21.0,0.7936932929230721
037920312,2023,1,233886.82296868536,2.0,1.71712695311205
037920326,2016,1,3443426.661254103,7.0,4.694814486053436
037920326,2017,2,878551.8344873963,5.0,0.9992363630705575
037920326,2019,1,6560482.678480933,21.0,8.94465082152132
037920326,2021,1,744162.4523666213,3.0,1.0146011531651002
037920338,2018,1,245552.97909862685,1.0,6.594382559207783
037920339,2017,1,16886219.882080916,8.0,49.80182277158522
037920339,2018,1,205078.93107603167,1.0,0.6048307229774191
037980009,2019,1,167361.41199642856,1.0,0.8005140733856503
037980019,2021,1,4866909.149598565,6.0,11.00852913329991
037980020,2017,1,6718636.705477933,7.0,78.74512818578636
037980022,2019,1,49119.31127469172,21.0,0.8795523115286844
037980026,2016,1,83573.07341117036,2.0,0.6027356239365905
039000102,2012,2,85045.27671901492,7.0,0.0024832137188495656
039000102,2013,3,2121652.4699476156,20.333333333333332,0.11011392674508476
039000102,2014,2,55968770.838862,15.0,3.159654920241739
039000102,2015,3,27344670.762056623,11.666666666666666,1.302599483027686
039000102,2017,5,8812999.027807219,33.6,0.22583759593508312
039000102,2018,3,56414930.55534314,73.66666666666667,3.075547511200944
039000102,2019,2,458970.81659174187,7.0,0.01755274300287085
039000102,2020,3,761619283.1016871,40.333333333333336,42.963749175225345
039000102,2022,1,3312072.4242706452,6.0,0.18698892919785232
039000102,2023,1,479738.85311912885,2.0,0.02708450871484366
039000103,2014,8,1173916.9795975336,3.125,0.17747817202480876
039000103,2015,1,2019060.2669053061,3.0,0.3059946597243789
039000103,2016,1,22582.905219276046,159.0,0.003422507248261532
039000103,2017,2,55905735.38954094,81.5,6.231983059223121
039000103,2018,1,1454085.882404518,7.0,0.22037109148721687
039000103,2022,2,12434712.79643733,89.5,1.4312242474333814
039000104,2014,2,2480780.8277810477,7.5,2.742042415665732
039000109,2017,1,3806942.2019009897,3.0,0.5322036199718729
039000109,2020,1,1612597.3529397924,3.0,0.22543818720522257
039000109,2021,1,34398512.78457806,8.0,4.808849742047468
041131100,2019,1,225994.41506882932,2.0,0.17703032089593257
041132200,2013,1,12995.088479625376,1.0,0.00432354466406003
041132200,2017,1,1678.850716789479,1.0,0.0005585638042949102
041132200,2018,1,5481.6741071389215,1.0,0.001823786184541604
041132200,2020,1,19836582.919765096,94.0,6.599751311459108
043000101,2014,2,3188420.7367851185,5.5,0.6197932955908808
043000101,2017,2,171842812.0273041,25.0,37.90364331503686
043000101,2019,2,3974523.6296536056,9.0,0.8785503177448919
043000101,2020,1,332409.1838502556,4.0,0.07367757855102439
043000101,2022,1,1249948.7217967387,5.0,0.27704768583174305
043000102,2017,2,65699957.22669186,27.0,7.892465190094267
043000102,2020,1,194756.36560969532,2.0,0.02422884494081464
043000102,2021,1,19671.37148724804,8.0,0.0024472350777630667
043000102,2022,1,355740.25658936764,5.0,0.04425619408704104
043000200,2012,1,41557.64601523666,1.0,0.005570954017048866
043000200,2013,1,25717731.713760342,68.0,3.4475557337301765
043000200,2014,2,768351.8528547831,5.0,0.0603971148810417
043000200,2016,1,604986.5074323985,34.0,0.08110064782315102
043000200,2017,2,96719074.03263976,25.0,12.961524633150482
043000200,2018,3,66869166.85515709,47.666666666666664,8.884413992022875
043000301,2014,1,1106.7143318450396,9.0,0.0005380117630711464
043000301,2017,2,2752051.6778467926,5.0,1.3336287002402942
043000301,2018,1,213880.4089097374,1.0,0.10397459630984295
043000301,2021,1,4653942.776032855,8.0,2.2624410709413767
043000301,2022,1,10616219.55786817,19.0,5.160908137836221
043000302,2013,1,6910462.89679878,21.0,1.3122098965289797
043000302,2014,3,15924960.956739234,52.0,2.805984339949786
043000302,2015,1,237304.55622981783,1.0,0.04506114739729452
043000302,2017,1,1143841.696331236,81.0,0.2172011363643458
043000302,2018,1,280760078.6405542,138.0,53.312803967597574
043000302,2019,1,22280710.24437006,14.0,4.2308263456418835
043000302,2022,1,66102069.690251775,19.0,12.551950762774263
043000400,2012,1,6899590.295098545,146.0,0.6769699986981629
043000400,2013,13,2243064.3605621755,22.076923076923077,0.1409553345478095
043000400,2014,24,29441372.236999713,20.666666666666668,1.895784877240155
043000400,2015,7,2138794.199281185,42.714285714285715,0.1623666268971876
043000400,2016,9,4031353.921460608,22.333333333333332,0.3951363223203051
043000400,2017,19,58677093.28904429,40.578947368421055,3.4058638052488557
043000400,2018,2,45657575.47769642,110.5,4.337568813708419
043000400,2020,2,26703555.719830647,102.5,2.608095545063659
043000400,2021,6,688871.2893469965,25.0,0.03093125221271478
043000400,2022,3,41560850.817198224,64.66666666666667,3.05476786499005
043000400,2023,1,3400301.69706345,47.0,0.3336288296813322
045010100,2012,1,169222666.912961,47.0,8.402905876232433
045010100,2015,1,129892.71459814148,9.0,0.006452386192299029
045010100,2018,1,3801148.1209467403,72.0,0.18882102607801743
045010100,2020,4,779259615.6681806,26.75,38.50867615802332
045010200,2012,1,91729.89432290169,5.0,0.004632181436813702
045010200,2014,3,50886020.122092985,33.666666666666664,2.6465974049740004
045010200,2015,1,62545.79482829823,66.0,0.0032636742922885413
045010200,2019,1,448152.04425719724,184.0,0.023384822431211982
045010200,2022,1,173678.7628824779,2.0,0.009062654253448918
045010801,2014,1,979703.3539427766,19.0,0.5381584356865994
045010801,2017,1,110843097.5067413,17.0,60.886948810393946
045010801,2019,1,3603787.2984434874,5.0,1.9795875223581831
045010801,2021,3,396732.38229760854,1.6666666666666667,0.12627863633658973
045010802,2014,1,652015.9174418208,19.0,0.20961891396527127
045010802,2015,1,90993.10502282146,1.0,0.029253696639873303
045010802,2017,1,18937013.799557455,17.0,6.088127851208159
045010802,2018,1,60681622.280637726,54.0,19.508750353864006
045010802,2019,1,2846379.538724944,93.0,0.9150926713284294
045010802,2020,2,2973450.217439045,75.5,0.8964810859966215
045010900,2017,1,7707759.256575468,17.0,2.229044744958161
045010900,2021,2,1079165.9475707458,4.0,0.2971543738841129
045011102,2012,1,53720.53924421696,2.0,0.006464499501892204
045011300,2014,1,291295.4803769005,8.0,0.11060102702939319
045011300,2015,1,112319.57272644198,3.0,0.04264625075189533
045011300,2021,1,775585.3152513319,7.0,0.29447944851297914
045011700,2012,3,1756031.2978631896,3.6666666666666665,0.8594702563667098
045011700,2015,1,130331.27245225848,23.0,0.07383761573004624
045011700,2018,2,13031411.723884657,34.0,7.3238418049021385
045011800,2012,1,40074.93705537643,1.0,0.006110594849506902
045011800,2013,2,501996.1243262551,1.0,0.05197651796957043
045011800,2014,1,55026.18154944926,8.0,0.00839034883821449
045011800,2015,1,1035.042836407946,3.0,0.0001578225167623785
045011800,2018,1,29155645.84358991,14.0,4.4456299227545815
045011800,2020,1,609029.5968457157,9.0,0.09286435341221369
047002100,2016,1,5043674.136394602,1.0,0.35317208712867937
047002100,2017,1,7002949.401658453,1.0,0.4903659890304128
047002100,2020,3,11957199.337498277,10.333333333333334,0.6131316505428447
047002100,2022,1,1392764.2714506343,1.0,0.09752522691287353
049000200,2014,5,56007122.64148575,13.0,2.2088341204367845
049000200,2015,4,20156820.1268414,2.75,0.8166669933250742
049000200,2017,5,130293522.5909935,24.0,5.188542279772236
049000200,2018,3,2474562.2045796514,26.333333333333332,0.061054993207937544
049000200,2019,2,57285564.33163672,28.0,2.375411388420927
049000200,2020,2,160807974.7614869,39.0,6.500483015995523
049000200,2021,2,747841.9753311219,5.5,0.02221868704811374
049000200,2022,2,641151.1890586161,1.5,0.021694773907316018
049000300,2012,6,184234119.82052127,19.833333333333332,2.531791535859384
049000300,2013,4,919909.5077026227,1.25,0.006414997868911983
049000300,2014,6,8962417.700889602,28.833333333333332,0.09232265723449519
049000300,2015,1,62231.93650942987,2.0,0.001016012313075937
049000300,2016,3,12240365.901504353,42.0,0.16596023152759284
049000300,2017,22,238855805.816235,20.59090909090909,3.0196580408680336
049000300,2018,6,159646407.7644012,14.0,2.5913121785054005
049000300,2019,8,24596126.12485949,30.125,0.37905340898872014
049000300,2020,2,5587601.036229759,17.5,0.09032269174788561
049000300,2021,7,5569689.212513656,7.0,0.05827526095132457
049000300,2022,3,19967396.266609907,20.333333333333332,0.32047076711833666
049000300,2023,3,342387.82440908253,2.3333333333333335,0.003704034843797591
049000400,2012,1,266033.04612642206,1.0,0.01599102799132222
049000400,2016,1,2626.022624111401,86.0,0.0001578480639884692
049000400,2017,2,7922343.435454626,7.5,0.46850251336893933
049000400,2018,1,8489834.631326394,23.0,0.5103169895920442
049000400,2020,1,26108863.4521421,26.0,1.5693823469074195
049000400,2022,1,4006759.2281241976,55.0,0.24084300768023684
051000101,2012,1,50435.918084860205,27.0,0.001217214035880318
051000101,2014,1,183598.1010916875,10.0,0.004430933233608748
051000101,2015,1,24756028.386827976,2.0,0.597458842216337
051000101,2016,3,33984043.177954555,74.0,0.5330609108693226
051000101,2017,1,1597766.9464684178,3.0,0.03856030438535409
051000101,2018,3,3062472.1264084023,20.333333333333332,0.04260516743129028
051000101,2019,1,26768222.99724196,145.0,0.6460208911632334
051000101,2020,2,508544.2611633074,12.5,0.012208120579524424
051000101,2021,1,12010387.963099642,112.0,0.2898571763967014
051000102,2012,3,51094806.04606961,7.333333333333333,1.4204561339194914
051000102,2013,1,18292285.821301714,9.0,0.5105776278097234
051000102,2014,2,563278.4693666957,5.5,0.010510173930113704
051000102,2015,3,17624925.77105236,32.333333333333336,0.4310294530827754
051000102,2016,2,2659615.7262639143,9.0,0.07243132228662086
051000102,2017,2,34787316.15880173,13.0,0.9692329237428619
051000102,2018,1,28215703.079294372,3.0,0.7875618654740901
051000102,2019,2,50611.44095916146,73.0,0.0014056601554587001
051000102,2020,5,136661494.7742199,21.4,1.7871463450919647
051000102,2021,2,790461.4082059759,60.0,0.01768500093679228
053010501,2018,1,241442.24899919672,1.0,0.3598315981737833
053010501,2020,1,44231.69000771476,1.0,0.06592035889069404
053010606,2020,1,207037.6843373202,1.0,0.07226347502440061
053010702,2015,1,123892.10806513982,2.0,0.0872187089199073
053010702,2020,1,39523885.02381591,19.0,27.8243891165659
053010804,2020,1,28899328.849151786,19.0,24.174071046377122
053011101,2015,1,2639049.702267951,10.0,0.5441786750093407
053011101,2016,2,31784089.316744726,42.5,6.497556325002493
053011101,2020,2,44738454.91916164,19.0,9.2251156732587
053011204,2016,1,15604628.831168592,3.0,6.569989749337999
053011204,2018,1,274.1448654210324,2.0,0.00011542273610842087
053011204,2021,1,547767.0887607347,2.0,0.23062542512991246
053011303,2016,2,10209330.198147774,9.5,1.6699971378883436
053011303,2020,3,58500135.691543415,54.666666666666664,9.175845484339524
053011303,2022,1,322162.8800116226,1.0,0.05270094345862784
053011400,2012,1,9259512.334385892,2.0,0.25247344937885474
053011400,2014,1,223937.89272646117,2.0,0.006105977310848447
053011400,2016,2,17560217.68734473,14.5,0.46724247472864033
053011400,2017,2,18551964.008997925,9.0,0.4229905497286184
053011400,2018,3,10199526.66995319,1.6666666666666667,0.2452904584386138
053011400,2019,2,2071077.3585871619,18.5,0.03547960018630477
053011400,2020,8,333782102.3031816,20.125,8.756652982163274
053011400,2021,1,4523977.936119034,1.0,0.12335253447465237
053011400,2022,1,596858.9791219983,2.0,0.016274188079222086
053011400,2023,3,1533592.6469620573,2.25,0.030908115701608795
053011502,2013,2,3782523.7380011333,12.5,0.5681307846695116
053011502,2016,1,317504632.1243316,83.0,48.769914982856655
053011502,2020,1,126700191.5565034,135.0,19.46162967506763
053011502,2021,1,11646322.079526454,25.0,1.7889192163314718
053011502,2022,1,2781893.5448746732,12.0,0.42730939314853045
053011604,2016,1,20276960.925631434,83.0,21.214312124715153
053013200,2015,1,242003.15127705314,2.0,0.49994849002142283
053013200,2022,1,21275.673237888677,1.0,0.0439529016599224
053014800,2020,1,161549.54512098135,1.0,0.05824657749050812
055200900,2017,1,599.605734205504,24.0,0.012329755165513536
055201003,2017,1,16274820.733866842,24.0,22.521935650525624
055201003,2019,1,2127625.0347391977,1.0,2.944317169720268
055201102,2017,2,58316397.3061081,12.0,38.97439184879437
055201200,2017,1,29564.003699661065,23.0,0.04959819028644472
055201401,2012,1,796104.8282590914,3.0,0.7753564071083334
055201401,2013,2,815087.3569926588,1.5,0.7380454009849278
055201401,2017,1,77980634.29401135,24.0,75.94826998154569
055201401,2020,1,1307811.134978159,30.0,1.2737264073757453
055201401,2022,1,1521264.0432273184,3.0,1.4816162155418509
055201402,2017,1,17632629.926990964,24.0,55.386622877630444
055201403,2015,1,859803.6950687971,14.0,0.3640782355579267
055201403,2017,2,63451561.36685624,43.0,26.843628676174774
055201403,2019,1,194254.81071144756,3.0,0.08225592555380201
055201403,2020,1,151831112.47353852,30.0,64.29188877554186
055201500,2013,1,243670.47088864952,1.0,0.18240603909218
055201500,2017,1,22145025.385767058,23.0,16.57725021617178
055201500,2020,1,42987225.95267969,23.0,32.17923611750248
055201601,2020,1,1006809.462293206,23.0,16.118720630891268
055201602,2020,1,398631.69307812635,23.0,6.30654844982344
055201700,2015,1,112173.56032313374,1.0,0.0630246800022367
055201700,2020,2,60824171.22539257,26.5,28.00450467178253
055201800,2013,1,1229948.102817334,1.0,0.1810823505582944
055201800,2014,1,10546593.231834883,8.0,1.5527499806115754
055201800,2015,3,15875979.702269642,17.666666666666668,2.2979352824132153
055201800,2016,2,994324.2313037072,4.0,0.12208032639941559
055201800,2017,2,8036640.392090847,43.0,1.1237487113272044
055201800,2018,4,139120107.00813717,5.75,18.894083317207137
055201800,2020,1,460445450.8975291,30.0,67.79029485992977
055201800,2021,2,297524.77692527155,1.5,0.03733428277382776
055201900,2014,1,5197889.868514093,8.0,2.9377698262909817
055201900,2015,1,4280976.682996787,24.0,2.4195441697494897
055201900,2017,2,19473502.40395232,12.5,10.974343306137936
055201900,2020,2,111311237.20906967,26.5,39.668806681095305
057000105,2017,1,50181.45083336119,7.0,0.11403915705401602
057000105,2022,1,174866.6003549152,7.0,0.39739065671091767
057000200,2022,2,79973.13906013247,3.5,0.024612791207960002
057000300,2017,1,88155.10061852493,3.0,0.1503523543927669
057000401,2017,1,1462848.3842354775,18.0,7.873474755715212
057000502,2017,2,265035.94864967663,2.5,1.9553725114775926
057000701,2015,1,9371020.352033487,18.0,4.179530302645454
057000701,2017,1,41067.87454367672,7.0,0.01831651406917416
057000702,2021,1,5439693.492969334,9.0,11.067126623178819
057000801,2020,1,3371.233432634307,42.0,0.0021621919251054132
057000900,2014,1,331286.2719814453,76.0,0.025471712430955588
057000900,2016,1,153614.22530822578,3.0,0.011810985553226596
057000900,2017,2,1632122.8386141134,8.5,0.12212253411970418
057000900,2020,1,2851872.220362215,42.0,0.21927280189553305
057000900,2022,3,3978661.9027574025,12.333333333333334,0.28654533955550615
057000900,2023,1,181318.6965582133,1.0,0.013941108001436229
057001205,2022,1,50049.7091734771,6.0,0.08401070330019644
059021822,2020,1,715814.22883893,7.0,6.258686980493009
059021825,2020,1,1577850.6017905464,7.0,23.712930974718486
059021826,2017,2,314.7868049481641,7.0,0.004155102002480752
059021826,2020,1,348950.2906208021,7.0,8.85150214446903
059021827,2020,1,5306159.64431263,7.0,65.11325198036783
059021828,2020,1,2872868.3438211395,7.0,54.1081074877929
059021912,2017,1,15682209.98961163,8.0,76.69524314228963
059021912,2020,1,97520.50030448289,2.0,0.4769326827765091
059021917,2017,1,268625.7728227599,8.0,5.688911072442367
059021920,2017,1,215.31506834722603,8.0,0.004520075631910341
059021923,2017,1,8446470.800712459,8.0,77.32523786495788
059021924,2015,0,510812.9911898796,1.0,0.6590364425109697
059021924,2017,2,13772853.80374882,7.0,14.384546239115057
059021924,2020,2,3266017.7228513006,5.5,4.2107469246992855
059032011,2014,1,3859531.513161593,9.0,3.269279315653048
059032011,2018,1,1896884.7961896318,72.0,1.6067873023478705
059032011,2019,1,8691.750134265512,1.0,0.0073624891606343295
059032011,2020,2,13380553.832635028,2.5,11.30744773447576
059032041,2016,1,591043.8770524435,9.0,0.34796645429244955
059032041,2018,2,28387191.56427019,42.5,16.711029781046665
059032041,2022,1,1613142.209523211,25.0,0.9497084678663771
059032058,2016,1,393957.91512132064,1.0,5.639425500474759
059042109,2017,1,158823.14405547833,2.0,2.8327576025713395
059042114,2017,1,192932.2529744966,2.0,4.928556888863313
059042315,2016,1,284541.9223945228,1.0,5.046298910311179
059042325,2022,1,532120.9692991094,12.0,8.218924765730634
059052419,2017,1,142525.04593932594,8.0,8.023771294545973
059052422,2020,1,209192.05743423427,7.0,3.1193089638391602
059052427,2020,1,275289.37157693115,7.0,4.911887218446484
059062630,2019,1,64125.334678841515,1.0,1.4068987742183665
059062632,2018,1,197695.7171853973,8.0,1.3930240549913078
059062632,2022,1,285711.3333902037,12.0,2.013208813334846
059062633,2018,1,513412.3688103208,8.0,7.605548047126609
059075605,2017,1,596522.0332162952,8.0,14.222959926264966
061020200,2012,1,10664321.951878866,9.0,0.7322836999631671
061020200,2013,1,111007378.30532388,59.0,7.622509342407081
061020200,2014,1,118537529.03325433,27.0,8.139579875462184
061020200,2015,2,323040.51634582225,36.0,0.012378353739381438
061020200,2016,1,486031.82116878306,133.0,0.03337419686983542
061020200,2017,2,8506.130138844153,32.0,0.0003360236244888428
061020200,2019,1,262660.92263766064,17.0,0.018036056406845254
061020200,2020,1,377264.9918173612,10.0,0.025905538610067762
061020200,2021,1,1683310.2005892482,11.0,0.11558734136454521
061020200,2022,2,256571143.54089707,27.0,17.61419946132125
061021204,2018,1,20032.59923889647,2.0,0.06386704281449503
061021304,2017,2,147668.0001374592,4.0,0.05857314519235403
061021304,2020,2,173838.7383251469,1.0,0.060342826417950905
061021304,2022,4,1079563.9596887846,2.0,0.3348314432278425
061021502,2017,1,48290.493796416085,3.0,0.6476329759217656
061021604,2022,1,0.6533247405352243,2.0,6.933699842227149e-07
061022002,2021,1,3733635.952038357,9.0,5.729878709381431
061022002,2022,2,136358.63356960274,16.5,0.14917800447146043
061022013,2015,1,39934.639877578644,3.0,0.012296244829546735
061022013,2018,1,4531555.813908123,44.0,1.3953079310940502
061022013,2019,1,82219.23656913044,65.0,0.025316063088378332
061022013,2022,1,108395.73636293176,6.0,0.03337604938678681
061022500,2020,2,252929.98253784966,4.5,1.193013127036436
061022500,2021,1,160147.99824575533,2.0,1.184256039768394
061022500,2022,1,75555.4399673563,1.0,0.5587143585859436
061023100,2020,1,53068.03919609064,2.0,1.1634839595979825
061023200,2018,1,122245.19235894707,4.0,0.9502341621329353
061023200,2020,1,110481.1252531862,1.0,0.8587899242548954
063000100,2017,2,14667463.785491224,11.5,9.798953011621487
063000100,2020,1,25531869.058295798,108.0,17.334176812711927
063000100,2021,1,15477.56270446625,103.0,0.010508075532444459
063000201,2017,1,1782182.0622644937,71.0,0.5263550605069554
063000201,2020,1,6802886.4902685415,108.0,2.0091851478167504
063000202,2017,2,3151114.9271389833,44.5,0.20812434256593879
063000202,2019,4,869836.7007476771,40.75,0.0230811913775013
063000202,2020,2,617976582.052997,66.0,41.09026244910932
063000202,2021,2,133415080.40887918,59.0,8.863429502568112
063000300,2012,1,2880051.1924438835,5.0,0.1693836755365745
063000300,2014,1,115797.563168081,1.0,0.00683839065334425
063000300,2015,1,45854.88499732934,3.0,0.002707946595739308
063000300,2017,4,4677687.371766803,2.0,0.24376376726845173
063000300,2018,2,435397.5267750803,40.0,0.02087460183918383
063000300,2019,3,73841725.1548483,52.0,4.355420719142592
063000300,2020,2,26342484.573795322,7.5,1.5496614460642706
063000300,2021,3,720556585.2689601,81.0,26.22527639924046
063000400,2012,1,148985906.29688814,34.0,8.17427563862037
063000400,2013,6,1981490.1875629916,47.833333333333336,0.07459356780133254
063000400,2015,1,2406.7316150071574,3.0,0.00013204797754525177
063000400,2016,1,1005118.6652070327,4.0,0.05514694123182363
063000400,2017,3,545408.0872501147,3.3333333333333335,0.01673003501571113
063000400,2018,2,1741319.7867116907,39.5,0.06954452148066184
063000400,2019,2,147266444.03711638,97.5,8.07993092869543
063000400,2020,4,55859389.155110724,34.5,1.7141655398803721
063000400,2021,2,1287238709.4292922,53.5,70.60838011904043
063000501,2018,1,750146.1073428151,63.0,0.227158378905823
063000501,2021,1,302237690.3020372,103.0,91.52326873553366
063000502,2012,1,159990400.57897252,34.0,20.576537336464042
063000502,2016,1,49382.412731009295,2.0,0.006351125165304688
063000502,2021,1,665513556.1589271,103.0,85.59241358651187
065030200,2013,1,205074.68182966334,2.0,4.022797262858864
065030800,2013,1,531736.2706970945,2.0,11.940808679100126
065030900,2019,1,49365.23951081141,10.0,0.8018070499362879
065040102,2019,1,634.9268544853297,3.0,0.0064112279338516265
065040201,2013,1,729113.2719708119,2.0,9.28464189479667
065040201,2019,1,1283611.8962202033,10.0,16.34571368601091
065040202,2019,1,47.39220247384114,10.0,0.003069496841838629
065040502,2019,1,1763596.9691400628,3.0,19.624596809763073
065040609,2015,1,3246779.072567403,6.0,14.097973438285505
065040609,2018,1,629855.7737952988,10.0,2.734922755891499
065040609,2020,2,5025100.687384916,9.5,11.984044700831262
065040806,2015,1,460700.09635463514,6.0,17.038576125458746
065040806,2020,1,6331.065563715707,12.0,0.23414873019606033
065041500,2015,1,536415.8322781457,6.0,3.8203246402252478
065041500,2020,1,1627402.2167479936,12.0,11.590270857210205
065041803,2020,1,21192.65656252972,13.0,0.6390157364669338
065041804,2018,1,5102.461717561877,15.0,0.2136217252124459
065041804,2020,1,6138.244703548,13.0,0.2569862344748069
065041912,2017,1,955922.2888301224,6.0,21.49970590307393
065041913,2017,1,953633.7218403285,6.0,22.67294815031159
065042007,2012,1,63368.97552180585,3.0,0.0473204710538238
065042214,2017,2,6381987.077569612,1.5,15.056438210845949
065042401,2013,1,351490.2208854018,1.0,1.6646158922691328
065042401,2015,1,142459.36778874145,1.0,0.6746706267571194
065042412,2017,1,1165.1943089451736,2.0,0.002272994816866035
065042412,2023,1,1763150.3717708949,9.0,3.439453510563996
065042623,2015,1,734249.3461006192,3.0,1.959554874405749
065042623,2023,1,2148973.4062038846,1.0,5.735151601371779
065042624,2020,1,1155116.4419391544,1.0,2.3134601144687905
065042624,2023,1,40533.61162315809,9.0,0.08118046837609146
065042720,2016,1,481241.447149448,3.0,1.3484683359281304
065042733,2012,1,289958.08222844487,1.0,1.7786584978152147
065042737,2012,1,1630223.7483845868,1.0,2.2774521763797826
065042737,2018,1,5103030.1712825345,1.0,7.129025804731053
065042744,2023,1,1367560.6293141113,4.0,3.733644745034797
065042745,2019,1,2361097.378806097,13.0,6.175995423742385
065042902,2019,1,356791.58396446257,1.0,0.8220812924963325
065042902,2023,1,89394.72165922228,1.0,0.2059738279344704
065042903,2023,1,1354008.4438594647,8.0,3.0330063035053243
065043007,2018,1,7970180.023749569,72.0,48.15933978691918
065043008,2013,1,1173471.7804696632,9.0,3.8729602209520446
065043008,2017,1,761310.5538971227,3.0,2.512651382084726
065043008,2018,1,17824877.63233088,72.0,58.829741935272786
065043009,2018,1,148192.51176993546,72.0,3.5315875423969314
065043010,2018,1,14.072944880644037,72.0,0.0005839895393815421
065043254,2016,1,566405.3550802501,2.0,1.0724972405426672
065043272,2012,1,1251871.4946946525,4.0,1.969123111053589
065043272,2019,1,521921.96705770696,10.0,0.8209537575185037
065043272,2021,1,177604.95096704998,12.0,0.2793625504445728
065043304,2022,1,48450463.52624303,24.0,45.01603951785396
065043517,2023,1,15.013457253238512,9.0,3.7766478191959484e-05
065043701,2022,1,7798042.645427861,24.0,38.91776003328534
065043802,2019,1,2218.2202839161323,4.0,0.03491286475702921
065043809,2013,1,1149795.1659107,3.0,5.145489418567097
065043809,2014,1,127365.94683680184,2.0,0.569979898302549
065043809,2016,1,4091361.5833880384,3.0,18.309398368517844
065043809,2020,2,8267948.004372029,89.5,36.30777579774972
065043812,2012,2,7804774.62437813,2.5,15.142542307416942
065043812,2017,2,20731603.540737085,2.5,39.21381781334913
065043812,2023,2,479546.07016617444,9.0,0.6075412966374935
065043813,2012,1,272062.64093297446,4.0,0.0842605371509636
065043813,2013,3,70433180.36456352,7.0,18.173473165133824
065043813,2017,2,7243053.1196574345,5.0,1.5901427372294625
065043813,2020,1,53371661.887173295,107.0,16.529740664984384
065043813,2021,2,368769.67257509165,2.5,0.0605819830493074
065043813,2023,3,513591.7027309093,4.0,0.12239991378228554
065043822,2013,1,328777.1083103341,1.0,0.29810770963507327
065043822,2017,2,546804.2295419576,4.0,0.387956496298391
065043822,2020,1,6755077.517558012,1.0,6.1249419021771345
065043822,2023,1,33599537.08372418,9.0,30.46526291414825
065043823,2017,1,15242298.51130544,4.0,40.53332458072868
065043823,2019,1,3545510.332255193,4.0,9.428454704192683
065044103,2013,1,789604.4071691592,3.0,10.263255814761733
065044104,2013,1,10873267.115382388,3.0,25.204666963922186
065044104,2016,1,1811799.2159129516,3.0,4.199822864461591
065044104,2020,2,21599588.713527873,89.5,49.269088837769424
065044300,2013,1,255893.611506868,6.0,4.736668905923742
065044300,2021,1,161983.77564456192,1.0,2.998369161471353
065044403,2012,2,205737.9023089791,2.0,0.015142316914002385
065044403,2015,1,2199233.975448624,5.0,0.20663441610227068
065044403,2018,1,899547.5146749357,6.0,0.08451919055733338
065044403,2019,1,330430.47500804724,1.0,0.031046404806362463
065044403,2020,1,58759.11746701834,2.0,0.005520856836528855
065044403,2021,3,2202553.409166574,7.333333333333333,0.1210712577322204
065044403,2023,3,15713644.53224353,7.333333333333333,0.8833202092673372
065044404,2012,1,23988.6912170512,1.0,0.01950590419750621
065044404,2013,2,575095.238119104,10.5,0.3300802627965706
065044404,2017,1,18492.20622896999,6.0,0.015036552008574147
065044405,2012,1,54743.341058244,2.0,0.016789354545866768
065044405,2013,2,82620968.79410899,10.5,18.26033419937878
065044405,2020,1,17311042.188160557,7.0,5.309161246593591
065044405,2021,1,2756643.1170811704,54.0,0.8454408838484525
065044521,2012,1,1522221.1448528958,2.0,0.9003108305414667
065044606,2019,1,67611.15526086709,3.0,0.16480627247870538
065044606,2020,1,7995728.946383852,7.0,19.49007199062478
065044606,2023,1,137621.9881979753,1.0,0.3354619041562849
065044807,2020,1,526068.4622807122,3.0,0.5796119028029108
065046401,2013,1,4428698.863843836,9.0,2.1888664300565566
065046401,2017,2,3695499.6240007477,8.5,1.7326693662425265
065046401,2018,1,1231.3427836384176,72.0,0.0006085861707605969
065046900,2012,1,1042707.8915083902,24.0,0.010571352657728728
065046900,2023,1,4181647.4565773266,8.0,0.04239506607150062
065048100,2014,1,21456.11239735387,9.0,0.032866078763803624
065048100,2017,1,6237118.878216422,6.0,9.553904105011506
065048100,2018,1,1134583.4271441458,15.0,1.73793404835186
065048100,2020,1,166643.57544251566,13.0,0.25526156717239357
065051200,2014,1,54055.81055146292,1.0,0.08469653680648677
065940100,2022,1,22833142.898863707,10.0,34.067038371786445
065940500,2013,2,43428503.79933188,8.0,30.772849189499112
065940500,2018,1,439737.06431013305,1.0,0.313320746774378
065940500,2019,1,24253.061380194664,3.0,0.017280752340330552
065940500,2023,1,228538.20685800686,1.0,0.16283767608164737
065941500,2012,1,244968.18075944157,1.0,0.6104917710332614
065941500,2018,1,87331.79521444367,1.0,0.21764190827842828
065941500,2022,1,39895.842955933025,1.0,0.0994254998650215
067007206,2018,1,24259.03599481053,1.0,0.12973355644618248
067009406,2016,1,80468.27544521245,1.0,0.05191021321447305
067009406,2022,1,85036.98478951366,3.0,0.05485749492102715
069000100,2020,1,111808.13274451962,1.0,0.02834459635013956
069000100,2022,1,364034.589895613,1.0,0.09228678857965733
069000200,2016,1,61057.15624692545,1.0,0.03535675620814046
069000200,2020,2,74976.51454756859,1.0,0.0430098304427735
069000200,2022,1,369945.9569559641,6.0,0.2142269606756849
069000802,2015,1,2779313.50880298,4.0,0.09302705699312784
069000802,2016,4,1093620.6432620622,1.75,0.012860949118614979
069000802,2018,6,10622919.204358172,4.0,0.17782859906941903
069000802,2020,2,9633459.582421701,3.5,0.20115832871516687
069000802,2021,1,48240.92256764053,2.0,0.001614683280201006
071002706,2013,1,48793.22860853841,62.0,0.11776361020014559
071004503,2012,1,45670.10885623319,1.0,0.3352263301284676
071004510,2018,1,61080.535175864396,3.0,1.0048057717568548
071007404,2017,3,104526.66078392358,6.0,2.0429459813269886
071007904,2020,1,145602.60224898832,17.0,0.8362219744237139
071008602,2013,1,2014901.4804562184,1.0,5.461738960828331
071008602,2017,1,983.5543944135588,8.0,0.0026660943019636515
071008602,2020,1,191305.14339879956,1.0,0.5185656793857213
071008901,2016,2,3757414.201534375,1.0,0.08037088639021021
071009109,2016,1,3294940.5346107045,10.0,6.051071292383776
071009119,2016,1,521285.6072389585,10.0,0.8149303222198997
071009201,2013,1,993476.2927636564,5.0,2.9370626200348826
071009201,2016,1,540253.6534243862,10.0,1.5971783346696609
071009201,2022,1,2822814.479004269,7.0,8.34522469229069
071009202,2013,1,1645834.810922738,71.0,0.38615250075785057
071009202,2015,1,45498.02764883785,1.0,0.010674933498519454
071009202,2016,1,119428902.61277786,10.0,28.02089802732634
071009202,2020,1,741436.0208627341,3.0,0.17395875437072345
071009202,2021,2,2782481.7843116024,10.0,0.5899573125028883
071009202,2022,1,678271.1934737852,7.0,0.15913876399604812
071009202,2023,1,918535.64616036,15.0,0.2155105934362826
071009708,2012,2,287199.8424465334,1.0,0.0955337896851031
071009708,2017,1,433106.5305930289,4.0,0.19890404038005674
071010024,2012,1,351304.6225797461,1.0,0.35514122387551
071010024,2016,1,12773.899589485753,10.0,0.012913403474624222
071010024,2022,2,191312.948112368,2.5,0.1759148420250445
071010300,2014,2,180853.1287742905,2.0,0.0005270037735303635
071010300,2017,3,103316.44993169938,1.6666666666666667,0.00038645913590387525
071010300,2020,3,183303050.150405,11.333333333333334,0.9937002427535733
071010300,2021,4,12111871.111983541,4.75,0.055976886774757324
071010300,2023,2,342028865.0901433,14.5,1.8989799477005649
071010413,2022,1,1191043.0357051059,5.0,2.0608820985221534
071010417,2017,1,56888.1304865272,1.0,0.10898704959205377
071010424,2015,1,20794459.923661962,197.0,1.2383086365656746
071011002,2015,1,477630.6831257648,3.0,0.6083087641189822
071011002,2016,1,146628.45502506138,1.0,0.18674548644414632
071011002,2017,1,152540.74768345963,6.0,0.1942753616535934
071011002,2018,1,281188.0775312349,7.0,0.35812015008880643
071011101,2017,2,1404884.6056551347,6.0,1.546437608914927
071011101,2018,1,132351.22546375706,20.0,0.16270098575079198
071011101,2020,2,280386.8688164633,3.5,0.3072971383492713
071011101,2022,1,108724.18742794063,7.0,0.13365597792914952
071011102,2012,1,272415.1360544632,1.0,0.13234260224726493
071011300,2013,2,62106.835703859695,6.5,0.023526371989864753
071011300,2015,1,13640.785648996924,4.0,0.00550675819111641
071011300,2017,1,6092507.011155365,20.0,2.4595330321447477
071011404,2022,1,107183.696710795,8.0,0.07282741031799918
071011500,2013,1,5606644.07043232,14.0,0.8331582981208834
071011500,2015,3,106073974.10686195,75.33333333333333,15.723451978496907
071011500,2017,1,869701.723970956,8.0,0.1292393808334916
071011500,2018,1,5435770.535743837,14.0,0.8077661559469682
071011500,2020,3,127196458.18838646,60.666666666666664,11.498017712359237
071011500,2022,1,4367687.841075561,65.0,0.649046974032934
071011700,2023,1,330566.0406181059,3.0,0.07867013700712461
071012103,2017,1,204635.40508578383,4.0,0.14420586924427187
071012103,2020,1,480687.45894582086,1.0,0.3387388063323843
071025100,2020,1,56624.4296059341,7.0,0.0007829997326766229
071025100,2021,1,192130.17045515554,10.0,0.002656766225327862
073010015,2012,1,46022.341387171444,2.0,0.1137046864655724
073010015,2019,3,113858.75114259898,3.6666666666666665,0.1612691718302927
073010015,2022,1,117138.59379874416,1.0,0.28940741994967095
073013505,2015,1,33322.12440922614,1.0,1.2228419210321324
073013604,2020,1,235329.30431944918,1.0,6.541720564587463
073015501,2017,1,1345929.7861662472,3.0,4.086879649041541
073015501,2019,1,574470.5721772191,5.0,1.7443644642799596
073015502,2019,2,283497.0958306016,4.5,0.834955385295365
073015502,2022,1,108688.22147410653,1.0,0.42026937768414885
073016901,2016,1,73044.9862673591,1.0,0.17206495693583762
073016902,2014,1,100299.50366077949,1.0,0.08261450355671981
073016902,2015,1,546934.346605602,1.0,0.4504978377137223
073016902,2016,1,404617.0524936397,2.0,0.3332742007916483
073016902,2023,1,49203.71387846756,1.0,0.040528021045492094
073017106,2014,1,192989.18934284907,5.0,0.6454019967476909
073018612,2014,1,679495.335566876,5.0,12.394024626738045
073018700,2013,1,9022303.376642171,9.0,1.6451058398816152
073018700,2017,1,2490378.863030232,2.0,0.45408989700959573
073018700,2020,2,16233781.091991214,3.0,2.252181060892507
073018700,2021,1,3918446.1120590097,2.0,0.7144803619548414
073018803,2014,1,1772267.6701143554,5.0,3.726188521108141
073018803,2016,1,118597.31825935302,3.0,0.24935057688193094
073018803,2017,1,14676268.314590182,17.0,30.85681889293868
073019001,2015,1,226973.64823784726,1.0,0.13766562330767834
073019001,2018,2,883674.6134238387,3.0,0.5062629395777133
073019001,2020,1,187728.03114061157,2.0,0.11386210082068099
073019001,2021,1,5598444.744058169,12.0,3.3956073369218958
073019001,2022,1,118293.77078634841,1.0,0.07174835411577443
073019208,2016,1,139522.75618232813,6.0,0.46457281449755583
073020801,2015,1,144873.82486695176,1.0,0.10821655942959296
073020801,2016,1,69939.75606683618,3.0,0.05224297609211912
073020801,2017,1,41703.78961418665,5.0,0.031151525345365375
073020801,2018,1,1188595.5905016765,142.0,0.8878465483699576
073020801,2023,1,744309.1472279197,2.0,0.5559774178596558
073020807,2018,1,81105.20040736465,142.0,0.08553481857257642
073020807,2022,1,721429.6545055062,2.0,0.7608310478374912
073020810,2019,1,409411.73446664534,3.0,1.0494409515204868
073020811,2016,1,336.2857280162348,2.0,0.0007006115997084074
073020902,2013,1,1295499.8690908465,9.0,0.306418591228108
073020902,2017,1,166108.6365574511,1.0,0.039288907408748415
073020902,2018,1,52966.95124230712,1.0,0.012528027959358678
073020902,2019,1,25541.36284561433,1.0,0.006041180402967885
073020902,2021,1,108439.42478236368,1.0,0.025648675517595258
073020902,2022,1,762754.7445734659,19.0,0.18041085133322163
073020903,2012,6,55623399.48300106,5.333333333333333,3.3238788989562043
073020903,2013,2,11303862.06384345,2.5,0.8796839002897371
073020903,2015,2,705735.2382485141,8.5,0.04759223725097396
073020903,2017,3,1261127.8062737307,2.0,0.07927919778152177
073020903,2021,1,1733027.0256133203,3.0,0.13549520748480307
073020904,2012,1,12275.734226819164,7.0,0.008201474194670696
073020904,2014,1,719473.0822957112,3.0,0.4806832576512563
073021202,2020,1,7921801.584208057,19.0,4.405045421514299
073021202,2021,2,368600.520175223,7.5,0.18803967334869992
073021204,2018,1,1824766.0666453638,4.0,3.954372151664356
073021204,2019,1,697224.6036795512,8.0,1.510925486089425
073021205,2018,1,220504.4792494341,4.0,2.2202506229356405
073021302,2012,1,299413.82030691375,1.0,0.07928048887285852
073021302,2013,1,1065261.017705665,3.0,0.2820658517844435
073021302,2014,1,48573.974080010354,1.0,0.012861692247917444
073021302,2016,1,73179.86464254545,1.0,0.019376979454600846
073021302,2017,2,8186442.160931248,2.5,2.0229457728068034
073021302,2018,1,42167.63027050437,1.0,0.011165384213155972
073021302,2019,4,641249.1472905008,1.75,0.07494692809225333
073021302,2020,3,39612531.995029084,8.0,10.3391100315889
073021302,2021,4,335834.09951249,5.75,0.03999033207134954
073021302,2022,5,1242828.5868095388,2.6,0.1372853341584801
073021302,2023,2,179090.53509959675,1.0,0.025361770356570324
073021304,2017,1,101317.51424871504,3.0,0.12633331614938006
077004704,2012,1,186124.84131008363,1.0,0.06093504912110145
077004800,2018,1,814804.6621644435,41.0,0.2240361334023067
077005106,2022,1,712725.8089522078,5.0,0.7133838984647025
077005502,2015,1,739184.5837972392,13.0,0.18879575764358306
077005502,2017,1,636330.8955899636,3.0,0.16252581043800662
077005502,2019,1,1142126.30925613,2.0,0.29171144340292127
077005502,2020,1,98475238.95541151,26.0,25.15164379134233
079010016,2013,1,246433.82189849313,3.0,0.0898862414112492
079010016,2019,1,400102.69130997284,3.0,0.1459366527829622
079011600,2020,1,70105.741866019,5.0,0.04163445567901804
079011704,2020,1,11993.792457706717,5.0,0.35626201952752184
079012302,2012,1,3013.847899674927,4.0,0.00031973621399437776
079012302,2013,1,206363.65454058,8.0,0.021892920878975194
079012302,2017,1,24468083.032371867,14.0,2.5957953064965484
079012302,2018,1,1324062.5996678472,80.0,0.1404685228989205
079012302,2019,1,223817.1345413082,9.0,0.0237445437220063
079012302,2022,4,1887509.3887251958,3.25,0.1661418804442336
079012302,2023,1,1051748.4314098568,2.0,0.11157897569077206
079013000,2013,1,206685.69193876738,2.0,0.022571334497743255
079013000,2016,1,8919410.388975404,27.0,0.9740538569639063
079013000,2020,1,1304450.239625246,3.0,0.1424538990486366
079013000,2023,1,1000627.7894236449,3.0,0.10927463982126863
081609700,2022,1,79006.96958673444,1.0,1.4650261351835496
081613300,2022,1,4149.402674607852,1.0,0.044639360743420675
081613400,2017,1,147053.6338228059,2.0,0.32588012344979383
081613800,2020,1,92386050.47566453,39.0,19.748313239008684
081613800,2021,1,687434.7355258786,2.0,0.14694508985548768
083000103,2012,1,176312.3414458098,10.0,0.4096745326396427
083000103,2019,1,10449908.06729923,19.0,24.281120473428924
083000501,2017,1,67586.64645690378,39.0,0.28769919744544054
083000700,2017,1,8785428.118596332,39.0,38.84692091402741
083001500,2015,1,85188.75449200784,6.0,0.26519860843255444
083001500,2017,1,19441554.253968656,39.0,60.52293127964684
083001706,2017,1,87298225.8673891,39.0,71.64408147161961
083001800,2012,1,46245.03876968918,3.0,0.0015413349586471318
083001800,2013,1,7553823.328609251,66.0,0.25176694144023387
083001800,2016,1,131686746.5720125,28.0,4.389084569542733
083001800,2017,2,75540139.1407299,26.5,2.5168635104859725
083001800,2018,3,1629927.0097171862,42.333333333333336,0.025564926034377843
083001800,2019,1,80289.52684118331,7.0,0.0026760287768353153
083001800,2020,2,204242.5063192171,2.0,0.004541094905366372
083001800,2021,1,102653.87891821218,5.0,0.0034214267395333343
083001800,2023,1,23316151.173551913,12.0,0.7771211758276673
083001905,2019,1,320685.35992768646,7.0,0.09906448151799196
083001905,2020,1,311847.69513714773,1.0,0.09633439530357309
083001905,2021,1,281318.56239386415,1.0,0.08690349173164413
083002006,2017,1,92193586.4991407,14.0,21.136243623575464
083002006,2020,1,49180.59033084167,2.0,0.011275111190013398
083002809,2015,1,853217.4464302605,1.0,0.40104577477291775
083002809,2017,1,1738951.0015410117,5.0,0.8173754001667144
083002907,2018,1,477576.79096721637,3.0,1.0647171266650615
083002932,2016,1,30212823.956875812,26.0,13.063283707818396
083002932,2017,1,30895977.606737725,166.0,13.35866258259408
083002932,2019,1,1702344.9427592496,4.0,0.7360521806096509
083002932,2021,1,68252651.22471374,51.0,29.510771585994156
083003102,2014,1,2556859.3770052153,6.0,0.4990092651727803
083003102,2018,1,313846.05316275894,1.0,0.061251741012664326
083003102,2020,1,635428.6091564344,3.0,0.12401337600987175
083003102,2021,1,149950.31084982894,1.0,0.02926504097274432
083003102,2022,1,500873.67360062344,5.0,0.09775297228140378
083003102,2023,1,854666.9862089554,4.0,0.16680101713497392
083980100,2018,1,1045902.227218073,9.0,0.2064598920639839
083980100,2020,1,5344797.824452841,5.0,1.0550569194937474
085504308,2016,1,171277.89332679688,2.0,0.920265559233136
085504308,2017,1,413444.66991829197,2.0,2.2214127169836537
085511800,2016,1,855866.0197321596,30.0,0.6171461988786469
085511911,2016,1,27247.398653130233,30.0,0.07454412776570477
085512200,2016,1,17204855.2813393,30.0,6.550405196640363
085512200,2021,1,283801.674459361,1.0,0.10805182216267507
085512200,2022,1,39171.22275001285,6.0,0.014913661106974889
085512402,2018,1,487011.8422054963,1.0,0.9860391832026099
085512402,2020,1,3670.700610108464,6.0,0.007431964313191035
085512510,2017,1,441882.19716732076,3.0,1.9080489625664518
085512602,2020,1,7565778.965453017,10.0,7.785011827166553
085513500,2015,1,881109.6421495406,4.0,0.05763001630728088
085513500,2016,2,673341.4286996179,2.0,0.02243084968106108
085513500,2017,1,415041.71245087124,4.0,0.02714629316550598
085513500,2019,1,840716.6512976335,1.0,0.05498806505611052
085513500,2020,3,684728348.3086224,14.0,43.73060950406409
087120200,2020,1,205472925.54248032,39.0,70.49165838542886
087120200,2021,1,34847.78567872371,2.0,0.011955240317271727
087120301,2020,1,14712211.123534532,39.0,31.61809041925118
087120301,2021,1,82180.95370360745,3.0,0.17661552047634713
087120302,2020,1,415158.2472778607,39.0,5.9573559547818284
087120400,2020,1,17786887.53751565,39.0,66.17598897869327
087120500,2017,1,1283666.8957289716,9.0,0.8788751863851032
087120500,2020,1,19485319.375900052,39.0,13.340815873063661
087120500,2021,2,168602.96099377162,2.5,0.060780945374210235
087120700,2018,1,63324.650039300876,6.0,0.3022390154151144
087120700,2020,1,10871.599436825363,39.0,0.05188850641471127
087121000,2016,1,18166.375879998257,30.0,0.024440351452675126
089010602,2018,1,1716289.3824334433,40.0,24.735380841663087
089010603,2018,1,19611713.474489182,40.0,90.9385347909857
089010702,2018,1,6610891.601686408,40.0,54.3144112576733
089010704,2018,1,12244.697647776607,40.0,0.26254979666150646
089011001,2012,1,2214034.588486417,2.0,4.875105316783903
089011001,2018,3,314573.97716877726,15.0,0.344123217262048
089011600,2018,1,1275585.538565418,40.0,2.5286088064724437
089011802,2019,1,1194280.4456056065,4.0,2.6657515485698857
089011803,2019,1,801867.0673696662,4.0,0.8938892766367023
089011803,2021,1,34707836.223535866,7.0,38.69090511130679
089011803,2023,1,654836.7845134308,4.0,0.7299858086751474
089011900,2019,1,133919.20256331062,2.0,0.20274720551131503
089012000,2022,1,29483.238504876343,6.0,0.2721471510520899
089012301,2022,1,527894.3405676143,6.0,3.106476555605051
089012302,2012,1,1986099.404049208,2.0,2.0988484514604697
089012302,2013,1,2720682.989666699,6.0,2.8751336756532817
089012302,2018,4,6950730.715894206,12.0,3.3161878898657147
089012302,2019,1,100182.72587346198,1.0,0.10587000763099506
089012302,2021,1,167967.87142039687,1.0,0.17750325391924676
089012302,2022,1,671531.2346187246,6.0,0.7096534488723539
089012303,2020,1,901685.6508013274,2.0,1.219668482150736
089012400,2013,1,29960816.97644124,6.0,1.8947152900981195
089012400,2014,1,51218117.42912308,12.0,3.23902216349133
089012400,2016,1,1339163.0785849565,12.0,0.08468837024454103
089012400,2018,4,721844073.0676497,102.75,45.43203701640909
089012400,2019,2,190223.88244918696,1.0,0.008391596957586131
089012400,2020,3,217153951.7738128,35.0,13.303024167256861
089012400,2021,5,67157448.7072864,19.8,4.194603087699954
089012500,2012,5,7338181.436990399,46.0,0.3266284673648412
089012500,2013,1,24113.63992052686,20.0,0.0019816912189096077
089012500,2014,1,44249.5058701627,20.0,0.0036364836463094467
089012500,2016,1,50718.59668112952,16.0,0.004168122191824466
089012500,2017,1,143743.6196560259,3.0,0.011813043148419262
089012500,2018,3,275274598.18663317,38.0,13.505374939847295
089012500,2020,3,300204.21826453647,2.0,0.013858750610173479
089012500,2021,2,51032153.80073022,61.0,4.190173010609706
089012603,2012,2,113358670.88099611,84.0,8.548564525963007
089012603,2019,1,454398.66181285103,2.0,0.05670553991955115
089012603,2020,2,422833.60747200996,107.0,0.0441279095633025
089012603,2021,1,141881429.1759974,103.0,17.705736662789956
089012603,2022,1,143525.57023609368,13.0,0.017910913117634052
089012604,2019,1,32.74705409239829,2.0,4.545374538610897e-06
089012604,2020,1,185833.8424740056,92.0,0.025794210789472315
089012604,2021,1,3080107.925816952,6.0,0.4275268273805409
089012701,2012,1,1003069.8706596495,3.0,0.09985740208030087
089012701,2013,1,93090.43972671495,8.0,0.009267319995873673
089012701,2014,1,123771085.74239102,24.0,12.321633254486425
089012702,2012,1,45105983.427173175,113.0,3.4914935164056367
089012702,2013,2,1057801.6046509387,5.5,0.05714970232539745
089012702,2014,3,64354516.11934867,14.333333333333334,4.520632488474026
089012702,2016,1,80302.06437143666,1.0,0.006215896779183258
089012702,2018,2,7389354.3664206145,56.5,0.5542491956433763
089012702,2021,1,149729737.2923136,103.0,11.590045649116561
091010000,2014,2,341418.9207348062,53.0,0.010349267444411578
091010000,2016,1,94138.62990081172,3.0,0.003813295925190787
091010000,2017,1,439800.81445182796,2.0,0.017815116444883417
091010000,2019,1,12514.233503688329,75.0,0.0005069170400799433
091010000,2020,3,95924355.78563754,6.0,3.862439770597639
093000100,2013,1,43681.83408558747,1.0,0.00507689030661306
093000100,2014,1,45175.37950598668,12.0,0.005250476567951224
093000100,2015,1,45096.88366747913,1.0,0.0052413534445757805
093000100,2016,1,215.42988203535668,1.0,2.5038185844420876e-05
093000100,2017,2,116583.00409775018,17.0,0.013502961925702814
093000100,2020,1,152588466.46813175,41.0,17.734486715808686
093000100,2021,1,213717442.73400033,155.0,24.83915879641082
093000200,2014,2,53944.61259653499,9.5,0.003910470917809562
093000200,2017,1,221565.4147886381,6.0,0.017042801874599476
093000200,2021,2,45746530.17318205,95.5,3.246948189418799
093000200,2022,2,1660762.1100067906,1.5,0.09243630861701868
093000300,2014,2,60409985.62722456,13.5,2.6815666880939513
093000300,2015,2,184112.47414769357,1.0,0.008957156468200061
093000300,2016,2,96384.89668338014,3.0,0.006559421677185617
093000300,2017,4,434851.81909401424,4.25,0.015920514810762718
093000300,2018,3,4329103.99279543,36.0,0.24057270260214347
093000300,2019,2,105520.11192994603,8.5,0.004658427753101626
093000300,2021,2,1125887.7365990658,97.0,0.04556437643978372
093000600,2012,1,777172.7263235061,4.0,0.1415645792256067
093000600,2014,3,69624.05213136837,43.333333333333336,0.011795142371434673
093000600,2019,1,371149.1157781536,43.0,0.06760603740386449
093000600,2022,2,125811501.29730767,53.0,22.87081273223365
093000600,2023,2,22553784.40029243,21.5,2.6825873916723793
093000701,2016,2,2990910.709802539,9.0,0.4017067793467999
093000701,2017,1,324194.4335931169,2.0,0.04533449038016318
093000701,2018,2,9770.287892689455,3.0,0.0012159348034769494
093000701,2019,2,226535.39288175726,15.5,0.027419080216573716
093000701,2020,1,2255337.8026095917,1.0,0.31538046098825334
093000701,2022,4,91536750.6741801,36.0,10.53080412367533
093000702,2017,1,46966.12668354821,5.0,0.13109882910060183
093000800,2012,3,221165.12032911144,36.666666666666664,0.003032936168913104
093000800,2013,2,150456293.19710404,43.5,2.8283161921954068
093000800,2014,4,230406458.83374682,42.5,4.2684187759213055
093000800,2017,9,266542153.02630538,74.11111111111111,8.05639712559368
093000800,2018,1,912963.2392631678,96.0,0.028494255346894145
093000800,2019,2,946066.1278883624,34.5,0.028655339882416336
093000800,2020,2,162438396.78303722,64.5,4.813731108084073
093000800,2021,3,448535396.0353567,59.666666666666664,12.554000076706895
093000800,2022,2,35414513.766382895,15.5,1.101404333946274
093000800,2023,4,34284988.702263966,32.0,0.8262069702471966
093001100,2017,1,218708.35546054342,10.0,0.09355675120750155
093001100,2019,1,50975.20816479619,9.0,0.02180563635980892
093001200,2014,1,70150.58337400093,14.0,0.002198388576022227
093001200,2015,4,1482520.7432804022,4.25,0.02658525543586022
093001200,2017,1,43831.128983701936,11.0,0.0013735859147201194
093001200,2018,1,97061.80341043769,87.0,0.0030417360700766994
093001200,2020,1,19495843.58323006,41.0,0.6109634125890061
093001200,2021,5,394191479.372884,83.6,11.771649182432194
093001200,2022,1,37077.8918041714,1.0,0.0011619520443715689
093001200,2023,2,3329136.3164919964,13.0,0.1005651493633641
095252102,2021,1,223591.3907784697,3.0,0.48323183801425584
095252310,2017,1,1451.9659233833968,24.0,0.00585982297827487
095252310,2020,1,4418204.585161828,30.0,17.83092587360561
095252311,2020,1,2216124.6018174873,30.0,27.761324183520188
095252313,2018,1,3057810.7724834527,2.0,42.8977914755418
095252313,2020,1,3368485.9367832527,30.0,47.256229392855616
095252317,2018,1,4740648.963082687,2.0,15.113386249136996
095252317,2020,1,1724.3996172886636,30.0,0.005497457767259073
095252903,2015,1,30217990.572287254,14.0,13.268283293176141
095252903,2017,2,548587.4497206528,31.0,0.2235215114258541
095252903,2019,1,64828.04479111847,1.0,0.02846505830934095
095252903,2020,2,164661043.55476946,21.0,69.02898410573141
095252913,2018,1,11337.815199833576,2.0,0.6376379677944035
095253000,2018,1,293784.51519629563,2.0,8.17481432332721
095253101,2020,1,1186577.0774808575,30.0,19.03694672473252
095253101,2021,1,121339.83001993626,2.0,1.9467255212629806
095253108,2018,1,631271.6380261875,2.0,7.96408140136519
095253108,2020,1,210513.58103079835,30.0,2.6558254710512044
095253201,2020,1,362842.76215189864,30.0,7.2130977071075755
095253206,2020,1,89650.2125228266,30.0,2.6008614741475733
097150100,2017,1,11020476.39467662,23.0,7.1336120763521516
097150303,2017,1,59089.25005646231,23.0,0.09633131188766188
097150306,2017,1,5834467.368889645,23.0,45.777187689399476
097150612,2013,1,719710.3980270663,1.0,0.41471157484659393
097150612,2017,1,6528467.144276042,7.0,3.7618337850318846
097151100,2017,1,71905.91538973752,1.0,0.05965952528692234
097151309,2013,1,643219.9603685716,1.0,1.7954690388022863
097151309,2017,1,31208.72169129284,7.0,0.08711529024255621
097151503,2017,1,8112950.315762691,23.0,54.92175761642236
097151601,2017,1,23363366.609336697,23.0,42.75576190290752
097151601,2020,1,50374338.310786754,23.0,92.1867661817108
097151602,2017,1,16236971.786623474,23.0,49.18789033242394
097151602,2020,1,1948722.742414167,23.0,5.9034136292049
097152100,2017,1,85335.54537353622,24.0,3.9176122423526474
097152501,2020,1,512.1811773029048,23.0,0.025765364448572504
097152502,2017,1,3935.0884326917258,24.0,0.2135494448214596
097152502,2020,1,806.7591242293738,23.0,0.043781217634792195
097152701,2017,1,12278537.224389566,24.0,51.47804113782358
097152701,2019,1,4513922.574434522,18.0,18.924721058639225
097152702,2017,1,1802235.0792094776,24.0,8.699611007277166
097152801,2017,1,2327525.413846397,24.0,44.53103475690906
097152905,2017,1,170080.77774875035,24.0,13.711680168843667
097152906,2017,1,18517.857491129984,24.0,0.0704617371753552
097153501,2012,1,23182.639657784406,1.0,0.05067318183234566
097153705,2020,1,2515981.6776570315,25.0,5.461829786776799
097153807,2017,1,27103184.663048305,24.0,45.82049868492583
097153807,2019,1,40634874.11758885,18.0,68.69710033026418
097153809,2019,1,183354.92454436258,18.0,4.4844615695356
097154000,2020,1,131903225.4478513,25.0,59.05800639322044
097154100,2013,2,14528966.16996819,3.0,2.4479805387724776
097154100,2015,1,15068267.029645037,24.0,2.5994944034419065
097154100,2016,1,6259278.543894425,3.0,1.0798162464486707
097154100,2017,3,88804729.07303719,21.666666666666668,12.119265265226254
097154100,2019,1,237581809.99403295,18.0,40.98630481023773
097154202,2017,1,53116.29279887621,1.0,0.030396943574800613
097154304,2020,2,70886936.33266339,20.5,7.967754252337812
099000101,2018,2,24281214.837319054,22.5,5.6299489982833295
099000101,2021,1,2055205.795174215,1.0,0.47814953857913617
099000102,2016,1,135922.7547457994,4.0,0.06093511609787217
099002801,2018,1,432995.3760311452,5.0,0.15722351149824865
099002901,2018,1,75398.39983916227,3.0,0.02428436666681899
099003300,2019,1,9040234.659623083,4.0,1.4108498843067707
099003300,2020,1,195161368.0083544,26.0,30.45754937153566
099003400,2020,1,515907064.14925015,26.0,56.91863111616079
099004000,2022,1,396858.3108555679,5.0,0.2545230305300847
101050800,2018,1,5008266.970268645,2.0,1.7293811615674262
101050800,2019,1,2622339.6835281854,2.0,0.9055078083589199
103000100,2012,3,74080649.95017688,23.333333333333332,2.2430947755009245
103000100,2013,3,74268733.34562406,78.66666666666667,1.5456169920124974
103000100,2014,1,3500315.6675388413,8.0,0.1169748389600682
103000100,2015,1,394321.8162871459,2.0,0.013177591777333223
103000100,2017,2,1380080.8298871468,16.5,0.026236664896903523
103000100,2018,2,388700.7932439339,52.5,0.010279202234251885
103000100,2020,3,1454086.4405973288,19.333333333333332,0.04400855010590531
103000100,2021,1,107307657.85991567,103.0,3.5860468567886516
103000100,2022,2,1222225.141834075,10.0,0.024004830666825013
103000300,2012,1,50717.043555324584,101.0,0.0015248765438954975
103000300,2016,1,1882526.5877621684,3.0,0.05660070926269093
103000300,2017,2,581184.4096870292,25.5,0.010135720304612324
103000300,2018,1,9711.43304496161,365.0,0.00029198737583588656
103000300,2019,4,69968295.48873983,27.5,1.0734129267182468
103000300,2020,5,903755634.3811846,21.4,26.61063355164488
103000300,2021,3,358754811.4001292,57.0,10.761523980721014
103000300,2022,2,2655530.8528538696,6.5,0.07177161766254418
103000300,2023,1,1913033.4722857769,8.0,0.057517940027268795
103000800,2021,1,652490.5041753462,8.0,0.4984603265950011
105000101,2014,1,9990.004776826605,12.0,0.0007014861470435589
105000101,2015,1,13008543.166172454,92.0,0.9134442903826971
105000101,2016,1,105198.17264217921,54.0,0.007386889441130672
105000101,2018,2,90581449.49471597,21.0,6.323648806811409
105000101,2019,3,1234960.320829449,13.666666666666666,0.0815436364840326
105000101,2020,2,1159909.9958608903,5.5,0.0650268111288067
105000101,2021,1,186103.26634537193,95.0,0.013067948031783216
105000102,2013,1,34669.71608045645,5.0,0.0029827915042994818
105000102,2014,3,27236569.40800359,42.333333333333336,2.1782410804615506
105000102,2017,2,5213440.30956251,88.0,0.4485177187005851
105000102,2019,2,220825.70127040695,52.5,0.015312914151000624
105000102,2020,1,45785.01374688988,2.0,0.003939090522447108
105000102,2021,2,274148746.3386126,47.0,23.582399982850127
105000102,2023,2,17012566.788219538,25.0,1.4616821161018418
105000200,2012,2,7250099.480212703,80.5,0.3586552905933024
105000200,2013,1,3310537.635463112,53.0,0.17055956723198973
105000200,2014,1,84312.19215148698,79.0,0.004343781158593088
105000200,2015,14,296427248.6646823,26.714285714285715,14.086096172755278
105000200,2016,1,14761.654524820487,3.0,0.0007605234208519482
105000200,2017,4,83409711.21663351,71.25,3.5872561040156272
105000200,2019,3,5351230.426364156,60.666666666666664,0.2701288988570941
105000200,2020,3,214512476.29706353,59.0,10.95257308119147
105000200,2021,3,766248726.1304319,62.0,32.74207863796824
105000200,2022,2,42718879.64898645,34.5,2.194325119359115
105000200,2023,1,47914.35773784317,3.0,0.002468557382469404
109001100,2021,1,4652.507200406639,5.0,0.04930959467741919
109001100,2022,1,35946.379512993,2.0,0.38097768096983264
109001200,2021,1,283759.4243593987,5.0,1.467936592829272
109003200,2012,1,112520.88725217356,4.0,0.0286748885609329
109003200,2013,1,271844424.59017926,68.0,69.27699177810865
109003200,2017,1,12462.717258192939,2.0,0.0031760061378132668
109005201,2012,1,3349575.5222353977,4.0,0.664314402581793
109005201,2016,3,4128205.76322203,6.0,0.7468288440245531
109005201,2018,2,2435444.7665830175,2.5,0.4614928091312582
109005201,2019,1,339765.0427123849,2.0,0.06738489992816261
109005201,2020,1,4362349.261885803,16.0,0.8651757288424359
111000302,2013,1,99423.63495415043,4.0,0.09599429353438195
111000302,2018,1,817.7495244825639,1.0,0.0007895435318471381
111000303,2019,1,531422.0219541191,1.0,1.458136231622885
111000303,2022,1,6261.643851833895,1.0,0.017180939804308598
111000304,2017,1,18124714.599785674,39.0,40.39718603767835
111000400,2017,1,30969940.60003104,39.0,76.23137499887952
111000500,2015,1,666540.5802074731,2.0,1.319885238178391
111000500,2018,1,562381.7219282339,1.0,1.1136296199150733
111000500,2019,1,18677352.539377786,5.0,36.98493780724505
111000500,2023,1,3827715.170954696,3.0,7.579650662112734
111000800,2015,1,18942.053745223726,1.0,0.019695794057593165
111000800,2017,1,75779879.99621758,39.0,78.79530541882099
111000901,2017,1,2903966.8791411007,39.0,29.430165890546313
111000902,2017,1,43502430.65134724,39.0,83.74395219828729
111000903,2017,1,112644891.51323771,39.0,83.7616854157003
111001002,2017,1,45329.032840976484,39.0,0.5482524831054865
111001002,2023,1,52659.12703992244,1.0,0.6369096216786347
111001102,2017,1,1161775.6262806067,39.0,14.228344444860111
111001204,2014,1,51062.83558658207,2.0,0.04221657376828458
111001204,2016,2,232242.8715971739,1.5,0.1544406509166763
111001204,2017,2,115385263.49069783,20.5,95.11227518686528
111001204,2020,1,1209846.8803861958,3.0,1.0002497802447556
111001402,2014,1,81571.51804145685,28.0,2.1224503304986
111002000,2017,1,2195746.7507652254,39.0,62.830081990845244
111002102,2017,1,814223.8669162602,39.0,59.97232507231235
111002200,2017,1,1345776.995473567,39.0,44.02615559097461
111002500,2018,1,28531.958170622584,1.0,0.939937663666493
111002800,2019,1,118813.06269089358,2.0,0.7369443857393716
111002800,2020,1,149227.22760683807,3.0,0.9255898728106728
111002800,2021,1,112.73839233629944,1.0,0.0006992659174662137
111002901,2019,1,2268.1913248116266,2.0,0.05463604395208878
111002901,2020,1,11944.720855807602,3.0,0.28772365299807107
111002905,2019,1,572623.97807137,2.0,2.9543871124741115
111002905,2021,1,128154.42215274907,1.0,0.6611979024871693
111004600,2013,1,574846.9067383895,9.0,3.4002795403773876
111004715,2018,2,8915.703766483624,1.0,0.023878586753894877
111005304,2018,1,49.07259517836528,14.0,0.0015035974793588857
111005305,2017,1,190987.45876581297,1.0,0.3830716670372202
111005305,2018,1,10026306.747300792,14.0,20.11018977232735
111005700,2013,1,2155416.3346564937,9.0,52.57382291913717
111005801,2013,1,388256.93381414626,9.0,8.128888555590791
111005906,2015,2,241206.67403652339,16.0,1.1142324942138115
111005906,2016,1,318506.1251698579,1.0,2.4985934418702858
111005907,2017,1,37361.95117756737,1.0,1.143036763342479
111005911,2015,2,53186.49589701978,16.0,0.48424742052699205
111006000,2018,1,242408.26927409437,14.0,7.296895531950655
111006200,2018,2,13824.867303978315,7.5,0.16943952947382934
111006301,2018,1,519135.39383489947,14.0,5.1412717816693965
111007100,2018,1,5638.486517226624,12.0,0.23319854026615025
111007202,2018,1,4298603.37710661,12.0,53.2407705266704
111007300,2013,1,64066906.89278972,9.0,44.73489228829562
111007300,2018,1,43102082.65518828,12.0,30.09614664568837
111007300,2019,2,370074.74280242994,2.5,0.2269842734290145
111007300,2023,1,6698.971566860582,1.0,0.004677575147920708
111007402,2018,1,6383564.46362913,12.0,36.7492667988199
111007402,2021,1,107402.55629114008,1.0,0.6183011417064135
111007403,2018,1,1445898.4061327665,12.0,38.997179009433516
111007405,2018,1,33526973.194219135,12.0,92.45638161668589
111007406,2018,1,2522234.995671513,12.0,67.98720805008678
111007506,2015,2,760423.3781906163,16.0,3.378793404563639
111007506,2018,1,11402463.395187704,12.0,51.141913199381996
111007507,2016,1,162840.00630304308,1.0,1.8169490443449035
111007507,2018,1,990292.7178616201,12.0,11.049566062972838
111007507,2021,1,62140.72523474601,1.0,0.6933586769829364
111007509,2018,1,3928316.654386284,12.0,66.25437528469601
111007510,2015,1,94134.63414020883,30.0,1.040297114256517
111007510,2018,1,3411630.630318335,12.0,37.70248359751507
111007510,2019,1,12692.424164069074,14.0,0.14026603865198226
111007510,2021,1,111826.60346839551,1.0,1.235813937641778
111007511,2018,1,22667897.394403875,12.0,77.9458158398453
111007512,2018,1,1462.3305647810516,12.0,0.005557317247894689
111007513,2018,1,385.4301516716975,12.0,0.02207482239128814
111007613,2019,1,7161.0497680466915,14.0,0.07934146672497511
111007614,2015,1,179142.67440274922,31.0,0.21218705204847846
111007614,2021,1,8309.844262390754,1.0,0.009842665143284239
111007700,2019,1,2820956.6243456374,14.0,20.262676304304232
111007700,2021,1,8929.014210354357,1.0,0.06413630152959597
111008304,2018,1,737319.2371842726,2.0,20.68637925098555
113011500,2012,2,3453118.6984932087,9.5,0.2923041151317435
113011500,2015,2,37723165.75429834,15.5,2.744584268744554
113011500,2016,1,692490.2182206268,2.0,0.08310831333287542
113011500,2018,1,154504971.99663958,11.0,18.542713364498162
113011500,2019,1,8814762.821458979,5.0,1.05789230121283
113011500,2020,1,228673660.02776876,30.0,27.443972042516794
113011500,2021,1,74955.50000345682,1.0,0.008995686894056523
115040100,2020,1,115637.20294164037,2.0,1.4424582325846818
115040800,2017,1,14967.174865311625,4.0,0.013681795740454005
115040901,2012,1,92582.92130192784,1.0,0.03511363050297116
115040901,2016,3,1355555.1764506008,1.3333333333333333,0.4342702601239756
115040901,2017,5,3354207.493318416,3.3333333333333335,1.1082579297303432
115040901,2018,2,180879.41212287638,3.0,0.034643679611798796
115040901,2020,2,264788.43180114747,3.0,0.08492020544518315
115040901,2021,5,2904476.0470824633,4.0,0.7011566812198542
115040901,2022,2,157364.16801507835,3.5,0.033488973576073305
115040901,2023,1,42711.74069147007,5.0,0.016199146232251896
115040902,2016,2,429786.4079027821,1.0,0.4586589356449386
115040902,2017,1,586597.6234717888,2.0,0.6266863547742971
115040902,2020,1,1525302.2977496919,1.0,1.6295431461999184
115040902,2021,2,1951903.898560148,7.0,2.0843750523332836
